image_path,label
Datasets\Dataset_BUSI\Dataset_BUSI_with_GT\benign\benign (1).png,benign
Datasets\Dataset_BUSI\Dataset_BUSI_with_GT\benign\benign (10).png,benign
Datasets\Dataset_BUSI\Dataset_BUSI_with_GT\benign\benign (100).png,benign
Datasets\Dataset_BUSI\Dataset_BUSI_with_GT\benign\benign (101).png,benign
Datasets\Dataset_BUSI\Dataset_BUSI_with_GT\benign\benign (102).png,benign
Datasets\Dataset_BUSI\Dataset_BUSI_with_GT\benign\benign (103).png,benign
Datasets\Dataset_BUSI\Dataset_BUSI_with_GT\benign\benign (104).png,benign
Datasets\Dataset_BUSI\Dataset_BUSI_with_GT\benign\benign (105).png,benign
Datasets\Dataset_BUSI\Dataset_BUSI_with_GT\benign\benign (106).png,benign
Datasets\Dataset_BUSI\Dataset_BUSI_with_GT\benign\benign (107).png,benign
Datasets\Dataset_BUSI\Dataset_BUSI_with_GT\benign\benign (108).png,benign
Datasets\Dataset_BUSI\Dataset_BUSI_with_GT\benign\benign (109).png,benign
Datasets\Dataset_BUSI\Dataset_BUSI_with_GT\benign\benign (11).png,benign
Datasets\Dataset_BUSI\Dataset_BUSI_with_GT\benign\benign (110).png,benign
Datasets\Dataset_BUSI\Dataset_BUSI_with_GT\benign\benign (111).png,benign
Datasets\Dataset_BUSI\Dataset_BUSI_with_GT\benign\benign (112).png,benign
Datasets\Dataset_BUSI\Dataset_BUSI_with_GT\benign\benign (113).png,benign
Datasets\Dataset_BUSI\Dataset_BUSI_with_GT\benign\benign (114).png,benign
Datasets\Dataset_BUSI\Dataset_BUSI_with_GT\benign\benign (115).png,benign
Datasets\Dataset_BUSI\Dataset_BUSI_with_GT\benign\benign (116).png,benign
Datasets\Dataset_BUSI\Dataset_BUSI_with_GT\benign\benign (117).png,benign
Datasets\Dataset_BUSI\Dataset_BUSI_with_GT\benign\benign (118).png,benign
Datasets\Dataset_BUSI\Dataset_BUSI_with_GT\benign\benign (119).png,benign
Datasets\Dataset_BUSI\Dataset_BUSI_with_GT\benign\benign (12).png,benign
Datasets\Dataset_BUSI\Dataset_BUSI_with_GT\benign\benign (120).png,benign
Datasets\Dataset_BUSI\Dataset_BUSI_with_GT\benign\benign (121).png,benign
Datasets\Dataset_BUSI\Dataset_BUSI_with_GT\benign\benign (122).png,benign
Datasets\Dataset_BUSI\Dataset_BUSI_with_GT\benign\benign (123).png,benign
Datasets\Dataset_BUSI\Dataset_BUSI_with_GT\benign\benign (124).png,benign
Datasets\Dataset_BUSI\Dataset_BUSI_with_GT\benign\benign (125).png,benign
Datasets\Dataset_BUSI\Dataset_BUSI_with_GT\benign\benign (126).png,benign
Datasets\Dataset_BUSI\Dataset_BUSI_with_GT\benign\benign (127).png,benign
Datasets\Dataset_BUSI\Dataset_BUSI_with_GT\benign\benign (128).png,benign
Datasets\Dataset_BUSI\Dataset_BUSI_with_GT\benign\benign (129).png,benign
Datasets\Dataset_BUSI\Dataset_BUSI_with_GT\benign\benign (13).png,benign
Datasets\Dataset_BUSI\Dataset_BUSI_with_GT\benign\benign (130).png,benign
Datasets\Dataset_BUSI\Dataset_BUSI_with_GT\benign\benign (131).png,benign
Datasets\Dataset_BUSI\Dataset_BUSI_with_GT\benign\benign (132).png,benign
Datasets\Dataset_BUSI\Dataset_BUSI_with_GT\benign\benign (133).png,benign
Datasets\Dataset_BUSI\Dataset_BUSI_with_GT\benign\benign (134).png,benign
Datasets\Dataset_BUSI\Dataset_BUSI_with_GT\benign\benign (135).png,benign
Datasets\Dataset_BUSI\Dataset_BUSI_with_GT\benign\benign (136).png,benign
Datasets\Dataset_BUSI\Dataset_BUSI_with_GT\benign\benign (137).png,benign
Datasets\Dataset_BUSI\Dataset_BUSI_with_GT\benign\benign (138).png,benign
Datasets\Dataset_BUSI\Dataset_BUSI_with_GT\benign\benign (139).png,benign
Datasets\Dataset_BUSI\Dataset_BUSI_with_GT\benign\benign (14).png,benign
Datasets\Dataset_BUSI\Dataset_BUSI_with_GT\benign\benign (140).png,benign
Datasets\Dataset_BUSI\Dataset_BUSI_with_GT\benign\benign (141).png,benign
Datasets\Dataset_BUSI\Dataset_BUSI_with_GT\benign\benign (142).png,benign
Datasets\Dataset_BUSI\Dataset_BUSI_with_GT\benign\benign (143).png,benign
Datasets\Dataset_BUSI\Dataset_BUSI_with_GT\benign\benign (144).png,benign
Datasets\Dataset_BUSI\Dataset_BUSI_with_GT\benign\benign (145).png,benign
Datasets\Dataset_BUSI\Dataset_BUSI_with_GT\benign\benign (146).png,benign
Datasets\Dataset_BUSI\Dataset_BUSI_with_GT\benign\benign (147).png,benign
Datasets\Dataset_BUSI\Dataset_BUSI_with_GT\benign\benign (148).png,benign
Datasets\Dataset_BUSI\Dataset_BUSI_with_GT\benign\benign (149).png,benign
Datasets\Dataset_BUSI\Dataset_BUSI_with_GT\benign\benign (15).png,benign
Datasets\Dataset_BUSI\Dataset_BUSI_with_GT\benign\benign (150).png,benign
Datasets\Dataset_BUSI\Dataset_BUSI_with_GT\benign\benign (151).png,benign
Datasets\Dataset_BUSI\Dataset_BUSI_with_GT\benign\benign (152).png,benign
Datasets\Dataset_BUSI\Dataset_BUSI_with_GT\benign\benign (153).png,benign
Datasets\Dataset_BUSI\Dataset_BUSI_with_GT\benign\benign (154).png,benign
Datasets\Dataset_BUSI\Dataset_BUSI_with_GT\benign\benign (155).png,benign
Datasets\Dataset_BUSI\Dataset_BUSI_with_GT\benign\benign (156).png,benign
Datasets\Dataset_BUSI\Dataset_BUSI_with_GT\benign\benign (157).png,benign
Datasets\Dataset_BUSI\Dataset_BUSI_with_GT\benign\benign (158).png,benign
Datasets\Dataset_BUSI\Dataset_BUSI_with_GT\benign\benign (159).png,benign
Datasets\Dataset_BUSI\Dataset_BUSI_with_GT\benign\benign (16).png,benign
Datasets\Dataset_BUSI\Dataset_BUSI_with_GT\benign\benign (160).png,benign
Datasets\Dataset_BUSI\Dataset_BUSI_with_GT\benign\benign (161).png,benign
Datasets\Dataset_BUSI\Dataset_BUSI_with_GT\benign\benign (162).png,benign
Datasets\Dataset_BUSI\Dataset_BUSI_with_GT\benign\benign (163).png,benign
Datasets\Dataset_BUSI\Dataset_BUSI_with_GT\benign\benign (164).png,benign
Datasets\Dataset_BUSI\Dataset_BUSI_with_GT\benign\benign (165).png,benign
Datasets\Dataset_BUSI\Dataset_BUSI_with_GT\benign\benign (166).png,benign
Datasets\Dataset_BUSI\Dataset_BUSI_with_GT\benign\benign (167).png,benign
Datasets\Dataset_BUSI\Dataset_BUSI_with_GT\benign\benign (168).png,benign
Datasets\Dataset_BUSI\Dataset_BUSI_with_GT\benign\benign (169).png,benign
Datasets\Dataset_BUSI\Dataset_BUSI_with_GT\benign\benign (17).png,benign
Datasets\Dataset_BUSI\Dataset_BUSI_with_GT\benign\benign (170).png,benign
Datasets\Dataset_BUSI\Dataset_BUSI_with_GT\benign\benign (171).png,benign
Datasets\Dataset_BUSI\Dataset_BUSI_with_GT\benign\benign (172).png,benign
Datasets\Dataset_BUSI\Dataset_BUSI_with_GT\benign\benign (173).png,benign
Datasets\Dataset_BUSI\Dataset_BUSI_with_GT\benign\benign (174).png,benign
Datasets\Dataset_BUSI\Dataset_BUSI_with_GT\benign\benign (175).png,benign
Datasets\Dataset_BUSI\Dataset_BUSI_with_GT\benign\benign (176).png,benign
Datasets\Dataset_BUSI\Dataset_BUSI_with_GT\benign\benign (177).png,benign
Datasets\Dataset_BUSI\Dataset_BUSI_with_GT\benign\benign (178).png,benign
Datasets\Dataset_BUSI\Dataset_BUSI_with_GT\benign\benign (179).png,benign
Datasets\Dataset_BUSI\Dataset_BUSI_with_GT\benign\benign (18).png,benign
Datasets\Dataset_BUSI\Dataset_BUSI_with_GT\benign\benign (180).png,benign
Datasets\Dataset_BUSI\Dataset_BUSI_with_GT\benign\benign (181).png,benign
Datasets\Dataset_BUSI\Dataset_BUSI_with_GT\benign\benign (182).png,benign
Datasets\Dataset_BUSI\Dataset_BUSI_with_GT\benign\benign (183).png,benign
Datasets\Dataset_BUSI\Dataset_BUSI_with_GT\benign\benign (184).png,benign
Datasets\Dataset_BUSI\Dataset_BUSI_with_GT\benign\benign (185).png,benign
Datasets\Dataset_BUSI\Dataset_BUSI_with_GT\benign\benign (186).png,benign
Datasets\Dataset_BUSI\Dataset_BUSI_with_GT\benign\benign (187).png,benign
Datasets\Dataset_BUSI\Dataset_BUSI_with_GT\benign\benign (188).png,benign
Datasets\Dataset_BUSI\Dataset_BUSI_with_GT\benign\benign (189).png,benign
Datasets\Dataset_BUSI\Dataset_BUSI_with_GT\benign\benign (19).png,benign
Datasets\Dataset_BUSI\Dataset_BUSI_with_GT\benign\benign (190).png,benign
Datasets\Dataset_BUSI\Dataset_BUSI_with_GT\benign\benign (191).png,benign
Datasets\Dataset_BUSI\Dataset_BUSI_with_GT\benign\benign (192).png,benign
Datasets\Dataset_BUSI\Dataset_BUSI_with_GT\benign\benign (193).png,benign
Datasets\Dataset_BUSI\Dataset_BUSI_with_GT\benign\benign (194).png,benign
Datasets\Dataset_BUSI\Dataset_BUSI_with_GT\benign\benign (195).png,benign
Datasets\Dataset_BUSI\Dataset_BUSI_with_GT\benign\benign (196).png,benign
Datasets\Dataset_BUSI\Dataset_BUSI_with_GT\benign\benign (197).png,benign
Datasets\Dataset_BUSI\Dataset_BUSI_with_GT\benign\benign (198).png,benign
Datasets\Dataset_BUSI\Dataset_BUSI_with_GT\benign\benign (199).png,benign
Datasets\Dataset_BUSI\Dataset_BUSI_with_GT\benign\benign (2).png,benign
Datasets\Dataset_BUSI\Dataset_BUSI_with_GT\benign\benign (20).png,benign
Datasets\Dataset_BUSI\Dataset_BUSI_with_GT\benign\benign (200).png,benign
Datasets\Dataset_BUSI\Dataset_BUSI_with_GT\benign\benign (201).png,benign
Datasets\Dataset_BUSI\Dataset_BUSI_with_GT\benign\benign (202).png,benign
Datasets\Dataset_BUSI\Dataset_BUSI_with_GT\benign\benign (203).png,benign
Datasets\Dataset_BUSI\Dataset_BUSI_with_GT\benign\benign (204).png,benign
Datasets\Dataset_BUSI\Dataset_BUSI_with_GT\benign\benign (205).png,benign
Datasets\Dataset_BUSI\Dataset_BUSI_with_GT\benign\benign (206).png,benign
Datasets\Dataset_BUSI\Dataset_BUSI_with_GT\benign\benign (207).png,benign
Datasets\Dataset_BUSI\Dataset_BUSI_with_GT\benign\benign (208).png,benign
Datasets\Dataset_BUSI\Dataset_BUSI_with_GT\benign\benign (209).png,benign
Datasets\Dataset_BUSI\Dataset_BUSI_with_GT\benign\benign (21).png,benign
Datasets\Dataset_BUSI\Dataset_BUSI_with_GT\benign\benign (210).png,benign
Datasets\Dataset_BUSI\Dataset_BUSI_with_GT\benign\benign (211).png,benign
Datasets\Dataset_BUSI\Dataset_BUSI_with_GT\benign\benign (212).png,benign
Datasets\Dataset_BUSI\Dataset_BUSI_with_GT\benign\benign (213).png,benign
Datasets\Dataset_BUSI\Dataset_BUSI_with_GT\benign\benign (214).png,benign
Datasets\Dataset_BUSI\Dataset_BUSI_with_GT\benign\benign (215).png,benign
Datasets\Dataset_BUSI\Dataset_BUSI_with_GT\benign\benign (216).png,benign
Datasets\Dataset_BUSI\Dataset_BUSI_with_GT\benign\benign (217).png,benign
Datasets\Dataset_BUSI\Dataset_BUSI_with_GT\benign\benign (218).png,benign
Datasets\Dataset_BUSI\Dataset_BUSI_with_GT\benign\benign (219).png,benign
Datasets\Dataset_BUSI\Dataset_BUSI_with_GT\benign\benign (22).png,benign
Datasets\Dataset_BUSI\Dataset_BUSI_with_GT\benign\benign (220).png,benign
Datasets\Dataset_BUSI\Dataset_BUSI_with_GT\benign\benign (221).png,benign
Datasets\Dataset_BUSI\Dataset_BUSI_with_GT\benign\benign (222).png,benign
Datasets\Dataset_BUSI\Dataset_BUSI_with_GT\benign\benign (223).png,benign
Datasets\Dataset_BUSI\Dataset_BUSI_with_GT\benign\benign (224).png,benign
Datasets\Dataset_BUSI\Dataset_BUSI_with_GT\benign\benign (225).png,benign
Datasets\Dataset_BUSI\Dataset_BUSI_with_GT\benign\benign (226).png,benign
Datasets\Dataset_BUSI\Dataset_BUSI_with_GT\benign\benign (227).png,benign
Datasets\Dataset_BUSI\Dataset_BUSI_with_GT\benign\benign (228).png,benign
Datasets\Dataset_BUSI\Dataset_BUSI_with_GT\benign\benign (229).png,benign
Datasets\Dataset_BUSI\Dataset_BUSI_with_GT\benign\benign (23).png,benign
Datasets\Dataset_BUSI\Dataset_BUSI_with_GT\benign\benign (230).png,benign
Datasets\Dataset_BUSI\Dataset_BUSI_with_GT\benign\benign (231).png,benign
Datasets\Dataset_BUSI\Dataset_BUSI_with_GT\benign\benign (232).png,benign
Datasets\Dataset_BUSI\Dataset_BUSI_with_GT\benign\benign (233).png,benign
Datasets\Dataset_BUSI\Dataset_BUSI_with_GT\benign\benign (234).png,benign
Datasets\Dataset_BUSI\Dataset_BUSI_with_GT\benign\benign (235).png,benign
Datasets\Dataset_BUSI\Dataset_BUSI_with_GT\benign\benign (236).png,benign
Datasets\Dataset_BUSI\Dataset_BUSI_with_GT\benign\benign (237).png,benign
Datasets\Dataset_BUSI\Dataset_BUSI_with_GT\benign\benign (238).png,benign
Datasets\Dataset_BUSI\Dataset_BUSI_with_GT\benign\benign (239).png,benign
Datasets\Dataset_BUSI\Dataset_BUSI_with_GT\benign\benign (24).png,benign
Datasets\Dataset_BUSI\Dataset_BUSI_with_GT\benign\benign (240).png,benign
Datasets\Dataset_BUSI\Dataset_BUSI_with_GT\benign\benign (241).png,benign
Datasets\Dataset_BUSI\Dataset_BUSI_with_GT\benign\benign (242).png,benign
Datasets\Dataset_BUSI\Dataset_BUSI_with_GT\benign\benign (243).png,benign
Datasets\Dataset_BUSI\Dataset_BUSI_with_GT\benign\benign (244).png,benign
Datasets\Dataset_BUSI\Dataset_BUSI_with_GT\benign\benign (245).png,benign
Datasets\Dataset_BUSI\Dataset_BUSI_with_GT\benign\benign (246).png,benign
Datasets\Dataset_BUSI\Dataset_BUSI_with_GT\benign\benign (247).png,benign
Datasets\Dataset_BUSI\Dataset_BUSI_with_GT\benign\benign (248).png,benign
Datasets\Dataset_BUSI\Dataset_BUSI_with_GT\benign\benign (249).png,benign
Datasets\Dataset_BUSI\Dataset_BUSI_with_GT\benign\benign (25).png,benign
Datasets\Dataset_BUSI\Dataset_BUSI_with_GT\benign\benign (250).png,benign
Datasets\Dataset_BUSI\Dataset_BUSI_with_GT\benign\benign (251).png,benign
Datasets\Dataset_BUSI\Dataset_BUSI_with_GT\benign\benign (252).png,benign
Datasets\Dataset_BUSI\Dataset_BUSI_with_GT\benign\benign (253).png,benign
Datasets\Dataset_BUSI\Dataset_BUSI_with_GT\benign\benign (254).png,benign
Datasets\Dataset_BUSI\Dataset_BUSI_with_GT\benign\benign (255).png,benign
Datasets\Dataset_BUSI\Dataset_BUSI_with_GT\benign\benign (256).png,benign
Datasets\Dataset_BUSI\Dataset_BUSI_with_GT\benign\benign (257).png,benign
Datasets\Dataset_BUSI\Dataset_BUSI_with_GT\benign\benign (258).png,benign
Datasets\Dataset_BUSI\Dataset_BUSI_with_GT\benign\benign (259).png,benign
Datasets\Dataset_BUSI\Dataset_BUSI_with_GT\benign\benign (26).png,benign
Datasets\Dataset_BUSI\Dataset_BUSI_with_GT\benign\benign (260).png,benign
Datasets\Dataset_BUSI\Dataset_BUSI_with_GT\benign\benign (261).png,benign
Datasets\Dataset_BUSI\Dataset_BUSI_with_GT\benign\benign (262).png,benign
Datasets\Dataset_BUSI\Dataset_BUSI_with_GT\benign\benign (263).png,benign
Datasets\Dataset_BUSI\Dataset_BUSI_with_GT\benign\benign (264).png,benign
Datasets\Dataset_BUSI\Dataset_BUSI_with_GT\benign\benign (265).png,benign
Datasets\Dataset_BUSI\Dataset_BUSI_with_GT\benign\benign (266).png,benign
Datasets\Dataset_BUSI\Dataset_BUSI_with_GT\benign\benign (267).png,benign
Datasets\Dataset_BUSI\Dataset_BUSI_with_GT\benign\benign (268).png,benign
Datasets\Dataset_BUSI\Dataset_BUSI_with_GT\benign\benign (269).png,benign
Datasets\Dataset_BUSI\Dataset_BUSI_with_GT\benign\benign (27).png,benign
Datasets\Dataset_BUSI\Dataset_BUSI_with_GT\benign\benign (270).png,benign
Datasets\Dataset_BUSI\Dataset_BUSI_with_GT\benign\benign (271).png,benign
Datasets\Dataset_BUSI\Dataset_BUSI_with_GT\benign\benign (272).png,benign
Datasets\Dataset_BUSI\Dataset_BUSI_with_GT\benign\benign (273).png,benign
Datasets\Dataset_BUSI\Dataset_BUSI_with_GT\benign\benign (274).png,benign
Datasets\Dataset_BUSI\Dataset_BUSI_with_GT\benign\benign (275).png,benign
Datasets\Dataset_BUSI\Dataset_BUSI_with_GT\benign\benign (276).png,benign
Datasets\Dataset_BUSI\Dataset_BUSI_with_GT\benign\benign (277).png,benign
Datasets\Dataset_BUSI\Dataset_BUSI_with_GT\benign\benign (278).png,benign
Datasets\Dataset_BUSI\Dataset_BUSI_with_GT\benign\benign (279).png,benign
Datasets\Dataset_BUSI\Dataset_BUSI_with_GT\benign\benign (28).png,benign
Datasets\Dataset_BUSI\Dataset_BUSI_with_GT\benign\benign (280).png,benign
Datasets\Dataset_BUSI\Dataset_BUSI_with_GT\benign\benign (281).png,benign
Datasets\Dataset_BUSI\Dataset_BUSI_with_GT\benign\benign (282).png,benign
Datasets\Dataset_BUSI\Dataset_BUSI_with_GT\benign\benign (283).png,benign
Datasets\Dataset_BUSI\Dataset_BUSI_with_GT\benign\benign (284).png,benign
Datasets\Dataset_BUSI\Dataset_BUSI_with_GT\benign\benign (285).png,benign
Datasets\Dataset_BUSI\Dataset_BUSI_with_GT\benign\benign (286).png,benign
Datasets\Dataset_BUSI\Dataset_BUSI_with_GT\benign\benign (287).png,benign
Datasets\Dataset_BUSI\Dataset_BUSI_with_GT\benign\benign (288).png,benign
Datasets\Dataset_BUSI\Dataset_BUSI_with_GT\benign\benign (289).png,benign
Datasets\Dataset_BUSI\Dataset_BUSI_with_GT\benign\benign (29).png,benign
Datasets\Dataset_BUSI\Dataset_BUSI_with_GT\benign\benign (290).png,benign
Datasets\Dataset_BUSI\Dataset_BUSI_with_GT\benign\benign (291).png,benign
Datasets\Dataset_BUSI\Dataset_BUSI_with_GT\benign\benign (292).png,benign
Datasets\Dataset_BUSI\Dataset_BUSI_with_GT\benign\benign (293).png,benign
Datasets\Dataset_BUSI\Dataset_BUSI_with_GT\benign\benign (294).png,benign
Datasets\Dataset_BUSI\Dataset_BUSI_with_GT\benign\benign (295).png,benign
Datasets\Dataset_BUSI\Dataset_BUSI_with_GT\benign\benign (296).png,benign
Datasets\Dataset_BUSI\Dataset_BUSI_with_GT\benign\benign (297).png,benign
Datasets\Dataset_BUSI\Dataset_BUSI_with_GT\benign\benign (298).png,benign
Datasets\Dataset_BUSI\Dataset_BUSI_with_GT\benign\benign (299).png,benign
Datasets\Dataset_BUSI\Dataset_BUSI_with_GT\benign\benign (3).png,benign
Datasets\Dataset_BUSI\Dataset_BUSI_with_GT\benign\benign (30).png,benign
Datasets\Dataset_BUSI\Dataset_BUSI_with_GT\benign\benign (300).png,benign
Datasets\Dataset_BUSI\Dataset_BUSI_with_GT\benign\benign (301).png,benign
Datasets\Dataset_BUSI\Dataset_BUSI_with_GT\benign\benign (302).png,benign
Datasets\Dataset_BUSI\Dataset_BUSI_with_GT\benign\benign (303).png,benign
Datasets\Dataset_BUSI\Dataset_BUSI_with_GT\benign\benign (304).png,benign
Datasets\Dataset_BUSI\Dataset_BUSI_with_GT\benign\benign (305).png,benign
Datasets\Dataset_BUSI\Dataset_BUSI_with_GT\benign\benign (306).png,benign
Datasets\Dataset_BUSI\Dataset_BUSI_with_GT\benign\benign (307).png,benign
Datasets\Dataset_BUSI\Dataset_BUSI_with_GT\benign\benign (308).png,benign
Datasets\Dataset_BUSI\Dataset_BUSI_with_GT\benign\benign (309).png,benign
Datasets\Dataset_BUSI\Dataset_BUSI_with_GT\benign\benign (31).png,benign
Datasets\Dataset_BUSI\Dataset_BUSI_with_GT\benign\benign (310).png,benign
Datasets\Dataset_BUSI\Dataset_BUSI_with_GT\benign\benign (311).png,benign
Datasets\Dataset_BUSI\Dataset_BUSI_with_GT\benign\benign (312).png,benign
Datasets\Dataset_BUSI\Dataset_BUSI_with_GT\benign\benign (313).png,benign
Datasets\Dataset_BUSI\Dataset_BUSI_with_GT\benign\benign (314).png,benign
Datasets\Dataset_BUSI\Dataset_BUSI_with_GT\benign\benign (315).png,benign
Datasets\Dataset_BUSI\Dataset_BUSI_with_GT\benign\benign (316).png,benign
Datasets\Dataset_BUSI\Dataset_BUSI_with_GT\benign\benign (317).png,benign
Datasets\Dataset_BUSI\Dataset_BUSI_with_GT\benign\benign (318).png,benign
Datasets\Dataset_BUSI\Dataset_BUSI_with_GT\benign\benign (319).png,benign
Datasets\Dataset_BUSI\Dataset_BUSI_with_GT\benign\benign (32).png,benign
Datasets\Dataset_BUSI\Dataset_BUSI_with_GT\benign\benign (320).png,benign
Datasets\Dataset_BUSI\Dataset_BUSI_with_GT\benign\benign (321).png,benign
Datasets\Dataset_BUSI\Dataset_BUSI_with_GT\benign\benign (322).png,benign
Datasets\Dataset_BUSI\Dataset_BUSI_with_GT\benign\benign (323).png,benign
Datasets\Dataset_BUSI\Dataset_BUSI_with_GT\benign\benign (324).png,benign
Datasets\Dataset_BUSI\Dataset_BUSI_with_GT\benign\benign (325).png,benign
Datasets\Dataset_BUSI\Dataset_BUSI_with_GT\benign\benign (326).png,benign
Datasets\Dataset_BUSI\Dataset_BUSI_with_GT\benign\benign (327).png,benign
Datasets\Dataset_BUSI\Dataset_BUSI_with_GT\benign\benign (328).png,benign
Datasets\Dataset_BUSI\Dataset_BUSI_with_GT\benign\benign (329).png,benign
Datasets\Dataset_BUSI\Dataset_BUSI_with_GT\benign\benign (33).png,benign
Datasets\Dataset_BUSI\Dataset_BUSI_with_GT\benign\benign (330).png,benign
Datasets\Dataset_BUSI\Dataset_BUSI_with_GT\benign\benign (331).png,benign
Datasets\Dataset_BUSI\Dataset_BUSI_with_GT\benign\benign (332).png,benign
Datasets\Dataset_BUSI\Dataset_BUSI_with_GT\benign\benign (333).png,benign
Datasets\Dataset_BUSI\Dataset_BUSI_with_GT\benign\benign (334).png,benign
Datasets\Dataset_BUSI\Dataset_BUSI_with_GT\benign\benign (335).png,benign
Datasets\Dataset_BUSI\Dataset_BUSI_with_GT\benign\benign (336).png,benign
Datasets\Dataset_BUSI\Dataset_BUSI_with_GT\benign\benign (337).png,benign
Datasets\Dataset_BUSI\Dataset_BUSI_with_GT\benign\benign (338).png,benign
Datasets\Dataset_BUSI\Dataset_BUSI_with_GT\benign\benign (339).png,benign
Datasets\Dataset_BUSI\Dataset_BUSI_with_GT\benign\benign (34).png,benign
Datasets\Dataset_BUSI\Dataset_BUSI_with_GT\benign\benign (340).png,benign
Datasets\Dataset_BUSI\Dataset_BUSI_with_GT\benign\benign (341).png,benign
Datasets\Dataset_BUSI\Dataset_BUSI_with_GT\benign\benign (342).png,benign
Datasets\Dataset_BUSI\Dataset_BUSI_with_GT\benign\benign (343).png,benign
Datasets\Dataset_BUSI\Dataset_BUSI_with_GT\benign\benign (344).png,benign
Datasets\Dataset_BUSI\Dataset_BUSI_with_GT\benign\benign (345).png,benign
Datasets\Dataset_BUSI\Dataset_BUSI_with_GT\benign\benign (346).png,benign
Datasets\Dataset_BUSI\Dataset_BUSI_with_GT\benign\benign (347).png,benign
Datasets\Dataset_BUSI\Dataset_BUSI_with_GT\benign\benign (348).png,benign
Datasets\Dataset_BUSI\Dataset_BUSI_with_GT\benign\benign (349).png,benign
Datasets\Dataset_BUSI\Dataset_BUSI_with_GT\benign\benign (35).png,benign
Datasets\Dataset_BUSI\Dataset_BUSI_with_GT\benign\benign (350).png,benign
Datasets\Dataset_BUSI\Dataset_BUSI_with_GT\benign\benign (351).png,benign
Datasets\Dataset_BUSI\Dataset_BUSI_with_GT\benign\benign (352).png,benign
Datasets\Dataset_BUSI\Dataset_BUSI_with_GT\benign\benign (353).png,benign
Datasets\Dataset_BUSI\Dataset_BUSI_with_GT\benign\benign (354).png,benign
Datasets\Dataset_BUSI\Dataset_BUSI_with_GT\benign\benign (355).png,benign
Datasets\Dataset_BUSI\Dataset_BUSI_with_GT\benign\benign (356).png,benign
Datasets\Dataset_BUSI\Dataset_BUSI_with_GT\benign\benign (357).png,benign
Datasets\Dataset_BUSI\Dataset_BUSI_with_GT\benign\benign (358).png,benign
Datasets\Dataset_BUSI\Dataset_BUSI_with_GT\benign\benign (359).png,benign
Datasets\Dataset_BUSI\Dataset_BUSI_with_GT\benign\benign (36).png,benign
Datasets\Dataset_BUSI\Dataset_BUSI_with_GT\benign\benign (360).png,benign
Datasets\Dataset_BUSI\Dataset_BUSI_with_GT\benign\benign (361).png,benign
Datasets\Dataset_BUSI\Dataset_BUSI_with_GT\benign\benign (362).png,benign
Datasets\Dataset_BUSI\Dataset_BUSI_with_GT\benign\benign (363).png,benign
Datasets\Dataset_BUSI\Dataset_BUSI_with_GT\benign\benign (364).png,benign
Datasets\Dataset_BUSI\Dataset_BUSI_with_GT\benign\benign (365).png,benign
Datasets\Dataset_BUSI\Dataset_BUSI_with_GT\benign\benign (366).png,benign
Datasets\Dataset_BUSI\Dataset_BUSI_with_GT\benign\benign (367).png,benign
Datasets\Dataset_BUSI\Dataset_BUSI_with_GT\benign\benign (368).png,benign
Datasets\Dataset_BUSI\Dataset_BUSI_with_GT\benign\benign (369).png,benign
Datasets\Dataset_BUSI\Dataset_BUSI_with_GT\benign\benign (37).png,benign
Datasets\Dataset_BUSI\Dataset_BUSI_with_GT\benign\benign (370).png,benign
Datasets\Dataset_BUSI\Dataset_BUSI_with_GT\benign\benign (371).png,benign
Datasets\Dataset_BUSI\Dataset_BUSI_with_GT\benign\benign (372).png,benign
Datasets\Dataset_BUSI\Dataset_BUSI_with_GT\benign\benign (373).png,benign
Datasets\Dataset_BUSI\Dataset_BUSI_with_GT\benign\benign (374).png,benign
Datasets\Dataset_BUSI\Dataset_BUSI_with_GT\benign\benign (375).png,benign
Datasets\Dataset_BUSI\Dataset_BUSI_with_GT\benign\benign (376).png,benign
Datasets\Dataset_BUSI\Dataset_BUSI_with_GT\benign\benign (377).png,benign
Datasets\Dataset_BUSI\Dataset_BUSI_with_GT\benign\benign (378).png,benign
Datasets\Dataset_BUSI\Dataset_BUSI_with_GT\benign\benign (379).png,benign
Datasets\Dataset_BUSI\Dataset_BUSI_with_GT\benign\benign (38).png,benign
Datasets\Dataset_BUSI\Dataset_BUSI_with_GT\benign\benign (380).png,benign
Datasets\Dataset_BUSI\Dataset_BUSI_with_GT\benign\benign (381).png,benign
Datasets\Dataset_BUSI\Dataset_BUSI_with_GT\benign\benign (382).png,benign
Datasets\Dataset_BUSI\Dataset_BUSI_with_GT\benign\benign (383).png,benign
Datasets\Dataset_BUSI\Dataset_BUSI_with_GT\benign\benign (384).png,benign
Datasets\Dataset_BUSI\Dataset_BUSI_with_GT\benign\benign (385).png,benign
Datasets\Dataset_BUSI\Dataset_BUSI_with_GT\benign\benign (386).png,benign
Datasets\Dataset_BUSI\Dataset_BUSI_with_GT\benign\benign (387).png,benign
Datasets\Dataset_BUSI\Dataset_BUSI_with_GT\benign\benign (388).png,benign
Datasets\Dataset_BUSI\Dataset_BUSI_with_GT\benign\benign (389).png,benign
Datasets\Dataset_BUSI\Dataset_BUSI_with_GT\benign\benign (39).png,benign
Datasets\Dataset_BUSI\Dataset_BUSI_with_GT\benign\benign (390).png,benign
Datasets\Dataset_BUSI\Dataset_BUSI_with_GT\benign\benign (391).png,benign
Datasets\Dataset_BUSI\Dataset_BUSI_with_GT\benign\benign (392).png,benign
Datasets\Dataset_BUSI\Dataset_BUSI_with_GT\benign\benign (393).png,benign
Datasets\Dataset_BUSI\Dataset_BUSI_with_GT\benign\benign (394).png,benign
Datasets\Dataset_BUSI\Dataset_BUSI_with_GT\benign\benign (395).png,benign
Datasets\Dataset_BUSI\Dataset_BUSI_with_GT\benign\benign (396).png,benign
Datasets\Dataset_BUSI\Dataset_BUSI_with_GT\benign\benign (397).png,benign
Datasets\Dataset_BUSI\Dataset_BUSI_with_GT\benign\benign (398).png,benign
Datasets\Dataset_BUSI\Dataset_BUSI_with_GT\benign\benign (399).png,benign
Datasets\Dataset_BUSI\Dataset_BUSI_with_GT\benign\benign (4).png,benign
Datasets\Dataset_BUSI\Dataset_BUSI_with_GT\benign\benign (40).png,benign
Datasets\Dataset_BUSI\Dataset_BUSI_with_GT\benign\benign (400).png,benign
Datasets\Dataset_BUSI\Dataset_BUSI_with_GT\benign\benign (401).png,benign
Datasets\Dataset_BUSI\Dataset_BUSI_with_GT\benign\benign (402).png,benign
Datasets\Dataset_BUSI\Dataset_BUSI_with_GT\benign\benign (403).png,benign
Datasets\Dataset_BUSI\Dataset_BUSI_with_GT\benign\benign (404).png,benign
Datasets\Dataset_BUSI\Dataset_BUSI_with_GT\benign\benign (405).png,benign
Datasets\Dataset_BUSI\Dataset_BUSI_with_GT\benign\benign (406).png,benign
Datasets\Dataset_BUSI\Dataset_BUSI_with_GT\benign\benign (407).png,benign
Datasets\Dataset_BUSI\Dataset_BUSI_with_GT\benign\benign (408).png,benign
Datasets\Dataset_BUSI\Dataset_BUSI_with_GT\benign\benign (409).png,benign
Datasets\Dataset_BUSI\Dataset_BUSI_with_GT\benign\benign (41).png,benign
Datasets\Dataset_BUSI\Dataset_BUSI_with_GT\benign\benign (410).png,benign
Datasets\Dataset_BUSI\Dataset_BUSI_with_GT\benign\benign (411).png,benign
Datasets\Dataset_BUSI\Dataset_BUSI_with_GT\benign\benign (412).png,benign
Datasets\Dataset_BUSI\Dataset_BUSI_with_GT\benign\benign (413).png,benign
Datasets\Dataset_BUSI\Dataset_BUSI_with_GT\benign\benign (414).png,benign
Datasets\Dataset_BUSI\Dataset_BUSI_with_GT\benign\benign (415).png,benign
Datasets\Dataset_BUSI\Dataset_BUSI_with_GT\benign\benign (416).png,benign
Datasets\Dataset_BUSI\Dataset_BUSI_with_GT\benign\benign (417).png,benign
Datasets\Dataset_BUSI\Dataset_BUSI_with_GT\benign\benign (418).png,benign
Datasets\Dataset_BUSI\Dataset_BUSI_with_GT\benign\benign (419).png,benign
Datasets\Dataset_BUSI\Dataset_BUSI_with_GT\benign\benign (42).png,benign
Datasets\Dataset_BUSI\Dataset_BUSI_with_GT\benign\benign (420).png,benign
Datasets\Dataset_BUSI\Dataset_BUSI_with_GT\benign\benign (421).png,benign
Datasets\Dataset_BUSI\Dataset_BUSI_with_GT\benign\benign (422).png,benign
Datasets\Dataset_BUSI\Dataset_BUSI_with_GT\benign\benign (423).png,benign
Datasets\Dataset_BUSI\Dataset_BUSI_with_GT\benign\benign (424).png,benign
Datasets\Dataset_BUSI\Dataset_BUSI_with_GT\benign\benign (425).png,benign
Datasets\Dataset_BUSI\Dataset_BUSI_with_GT\benign\benign (426).png,benign
Datasets\Dataset_BUSI\Dataset_BUSI_with_GT\benign\benign (427).png,benign
Datasets\Dataset_BUSI\Dataset_BUSI_with_GT\benign\benign (428).png,benign
Datasets\Dataset_BUSI\Dataset_BUSI_with_GT\benign\benign (429).png,benign
Datasets\Dataset_BUSI\Dataset_BUSI_with_GT\benign\benign (43).png,benign
Datasets\Dataset_BUSI\Dataset_BUSI_with_GT\benign\benign (430).png,benign
Datasets\Dataset_BUSI\Dataset_BUSI_with_GT\benign\benign (431).png,benign
Datasets\Dataset_BUSI\Dataset_BUSI_with_GT\benign\benign (432).png,benign
Datasets\Dataset_BUSI\Dataset_BUSI_with_GT\benign\benign (433).png,benign
Datasets\Dataset_BUSI\Dataset_BUSI_with_GT\benign\benign (434).png,benign
Datasets\Dataset_BUSI\Dataset_BUSI_with_GT\benign\benign (435).png,benign
Datasets\Dataset_BUSI\Dataset_BUSI_with_GT\benign\benign (436).png,benign
Datasets\Dataset_BUSI\Dataset_BUSI_with_GT\benign\benign (437).png,benign
Datasets\Dataset_BUSI\Dataset_BUSI_with_GT\benign\benign (44).png,benign
Datasets\Dataset_BUSI\Dataset_BUSI_with_GT\benign\benign (45).png,benign
Datasets\Dataset_BUSI\Dataset_BUSI_with_GT\benign\benign (46).png,benign
Datasets\Dataset_BUSI\Dataset_BUSI_with_GT\benign\benign (47).png,benign
Datasets\Dataset_BUSI\Dataset_BUSI_with_GT\benign\benign (48).png,benign
Datasets\Dataset_BUSI\Dataset_BUSI_with_GT\benign\benign (49).png,benign
Datasets\Dataset_BUSI\Dataset_BUSI_with_GT\benign\benign (5).png,benign
Datasets\Dataset_BUSI\Dataset_BUSI_with_GT\benign\benign (50).png,benign
Datasets\Dataset_BUSI\Dataset_BUSI_with_GT\benign\benign (51).png,benign
Datasets\Dataset_BUSI\Dataset_BUSI_with_GT\benign\benign (52).png,benign
Datasets\Dataset_BUSI\Dataset_BUSI_with_GT\benign\benign (53).png,benign
Datasets\Dataset_BUSI\Dataset_BUSI_with_GT\benign\benign (54).png,benign
Datasets\Dataset_BUSI\Dataset_BUSI_with_GT\benign\benign (55).png,benign
Datasets\Dataset_BUSI\Dataset_BUSI_with_GT\benign\benign (56).png,benign
Datasets\Dataset_BUSI\Dataset_BUSI_with_GT\benign\benign (57).png,benign
Datasets\Dataset_BUSI\Dataset_BUSI_with_GT\benign\benign (58).png,benign
Datasets\Dataset_BUSI\Dataset_BUSI_with_GT\benign\benign (59).png,benign
Datasets\Dataset_BUSI\Dataset_BUSI_with_GT\benign\benign (6).png,benign
Datasets\Dataset_BUSI\Dataset_BUSI_with_GT\benign\benign (60).png,benign
Datasets\Dataset_BUSI\Dataset_BUSI_with_GT\benign\benign (61).png,benign
Datasets\Dataset_BUSI\Dataset_BUSI_with_GT\benign\benign (62).png,benign
Datasets\Dataset_BUSI\Dataset_BUSI_with_GT\benign\benign (63).png,benign
Datasets\Dataset_BUSI\Dataset_BUSI_with_GT\benign\benign (64).png,benign
Datasets\Dataset_BUSI\Dataset_BUSI_with_GT\benign\benign (65).png,benign
Datasets\Dataset_BUSI\Dataset_BUSI_with_GT\benign\benign (66).png,benign
Datasets\Dataset_BUSI\Dataset_BUSI_with_GT\benign\benign (67).png,benign
Datasets\Dataset_BUSI\Dataset_BUSI_with_GT\benign\benign (68).png,benign
Datasets\Dataset_BUSI\Dataset_BUSI_with_GT\benign\benign (69).png,benign
Datasets\Dataset_BUSI\Dataset_BUSI_with_GT\benign\benign (7).png,benign
Datasets\Dataset_BUSI\Dataset_BUSI_with_GT\benign\benign (70).png,benign
Datasets\Dataset_BUSI\Dataset_BUSI_with_GT\benign\benign (71).png,benign
Datasets\Dataset_BUSI\Dataset_BUSI_with_GT\benign\benign (72).png,benign
Datasets\Dataset_BUSI\Dataset_BUSI_with_GT\benign\benign (73).png,benign
Datasets\Dataset_BUSI\Dataset_BUSI_with_GT\benign\benign (74).png,benign
Datasets\Dataset_BUSI\Dataset_BUSI_with_GT\benign\benign (75).png,benign
Datasets\Dataset_BUSI\Dataset_BUSI_with_GT\benign\benign (76).png,benign
Datasets\Dataset_BUSI\Dataset_BUSI_with_GT\benign\benign (77).png,benign
Datasets\Dataset_BUSI\Dataset_BUSI_with_GT\benign\benign (78).png,benign
Datasets\Dataset_BUSI\Dataset_BUSI_with_GT\benign\benign (79).png,benign
Datasets\Dataset_BUSI\Dataset_BUSI_with_GT\benign\benign (8).png,benign
Datasets\Dataset_BUSI\Dataset_BUSI_with_GT\benign\benign (80).png,benign
Datasets\Dataset_BUSI\Dataset_BUSI_with_GT\benign\benign (81).png,benign
Datasets\Dataset_BUSI\Dataset_BUSI_with_GT\benign\benign (82).png,benign
Datasets\Dataset_BUSI\Dataset_BUSI_with_GT\benign\benign (83).png,benign
Datasets\Dataset_BUSI\Dataset_BUSI_with_GT\benign\benign (84).png,benign
Datasets\Dataset_BUSI\Dataset_BUSI_with_GT\benign\benign (85).png,benign
Datasets\Dataset_BUSI\Dataset_BUSI_with_GT\benign\benign (86).png,benign
Datasets\Dataset_BUSI\Dataset_BUSI_with_GT\benign\benign (87).png,benign
Datasets\Dataset_BUSI\Dataset_BUSI_with_GT\benign\benign (88).png,benign
Datasets\Dataset_BUSI\Dataset_BUSI_with_GT\benign\benign (89).png,benign
Datasets\Dataset_BUSI\Dataset_BUSI_with_GT\benign\benign (9).png,benign
Datasets\Dataset_BUSI\Dataset_BUSI_with_GT\benign\benign (90).png,benign
Datasets\Dataset_BUSI\Dataset_BUSI_with_GT\benign\benign (91).png,benign
Datasets\Dataset_BUSI\Dataset_BUSI_with_GT\benign\benign (92).png,benign
Datasets\Dataset_BUSI\Dataset_BUSI_with_GT\benign\benign (93).png,benign
Datasets\Dataset_BUSI\Dataset_BUSI_with_GT\benign\benign (94).png,benign
Datasets\Dataset_BUSI\Dataset_BUSI_with_GT\benign\benign (95).png,benign
Datasets\Dataset_BUSI\Dataset_BUSI_with_GT\benign\benign (96).png,benign
Datasets\Dataset_BUSI\Dataset_BUSI_with_GT\benign\benign (97).png,benign
Datasets\Dataset_BUSI\Dataset_BUSI_with_GT\benign\benign (98).png,benign
Datasets\Dataset_BUSI\Dataset_BUSI_with_GT\benign\benign (99).png,benign
Datasets\Dataset_BUSI\Dataset_BUSI_with_GT\malignant\malignant (1).png,malignant
Datasets\Dataset_BUSI\Dataset_BUSI_with_GT\malignant\malignant (10).png,malignant
Datasets\Dataset_BUSI\Dataset_BUSI_with_GT\malignant\malignant (100).png,malignant
Datasets\Dataset_BUSI\Dataset_BUSI_with_GT\malignant\malignant (101).png,malignant
Datasets\Dataset_BUSI\Dataset_BUSI_with_GT\malignant\malignant (102).png,malignant
Datasets\Dataset_BUSI\Dataset_BUSI_with_GT\malignant\malignant (103).png,malignant
Datasets\Dataset_BUSI\Dataset_BUSI_with_GT\malignant\malignant (104).png,malignant
Datasets\Dataset_BUSI\Dataset_BUSI_with_GT\malignant\malignant (105).png,malignant
Datasets\Dataset_BUSI\Dataset_BUSI_with_GT\malignant\malignant (106).png,malignant
Datasets\Dataset_BUSI\Dataset_BUSI_with_GT\malignant\malignant (107).png,malignant
Datasets\Dataset_BUSI\Dataset_BUSI_with_GT\malignant\malignant (108).png,malignant
Datasets\Dataset_BUSI\Dataset_BUSI_with_GT\malignant\malignant (109).png,malignant
Datasets\Dataset_BUSI\Dataset_BUSI_with_GT\malignant\malignant (11).png,malignant
Datasets\Dataset_BUSI\Dataset_BUSI_with_GT\malignant\malignant (110).png,malignant
Datasets\Dataset_BUSI\Dataset_BUSI_with_GT\malignant\malignant (111).png,malignant
Datasets\Dataset_BUSI\Dataset_BUSI_with_GT\malignant\malignant (112).png,malignant
Datasets\Dataset_BUSI\Dataset_BUSI_with_GT\malignant\malignant (113).png,malignant
Datasets\Dataset_BUSI\Dataset_BUSI_with_GT\malignant\malignant (114).png,malignant
Datasets\Dataset_BUSI\Dataset_BUSI_with_GT\malignant\malignant (115).png,malignant
Datasets\Dataset_BUSI\Dataset_BUSI_with_GT\malignant\malignant (116).png,malignant
Datasets\Dataset_BUSI\Dataset_BUSI_with_GT\malignant\malignant (117).png,malignant
Datasets\Dataset_BUSI\Dataset_BUSI_with_GT\malignant\malignant (118).png,malignant
Datasets\Dataset_BUSI\Dataset_BUSI_with_GT\malignant\malignant (119).png,malignant
Datasets\Dataset_BUSI\Dataset_BUSI_with_GT\malignant\malignant (12).png,malignant
Datasets\Dataset_BUSI\Dataset_BUSI_with_GT\malignant\malignant (120).png,malignant
Datasets\Dataset_BUSI\Dataset_BUSI_with_GT\malignant\malignant (121).png,malignant
Datasets\Dataset_BUSI\Dataset_BUSI_with_GT\malignant\malignant (122).png,malignant
Datasets\Dataset_BUSI\Dataset_BUSI_with_GT\malignant\malignant (123).png,malignant
Datasets\Dataset_BUSI\Dataset_BUSI_with_GT\malignant\malignant (124).png,malignant
Datasets\Dataset_BUSI\Dataset_BUSI_with_GT\malignant\malignant (125).png,malignant
Datasets\Dataset_BUSI\Dataset_BUSI_with_GT\malignant\malignant (126).png,malignant
Datasets\Dataset_BUSI\Dataset_BUSI_with_GT\malignant\malignant (127).png,malignant
Datasets\Dataset_BUSI\Dataset_BUSI_with_GT\malignant\malignant (128).png,malignant
Datasets\Dataset_BUSI\Dataset_BUSI_with_GT\malignant\malignant (129).png,malignant
Datasets\Dataset_BUSI\Dataset_BUSI_with_GT\malignant\malignant (13).png,malignant
Datasets\Dataset_BUSI\Dataset_BUSI_with_GT\malignant\malignant (130).png,malignant
Datasets\Dataset_BUSI\Dataset_BUSI_with_GT\malignant\malignant (131).png,malignant
Datasets\Dataset_BUSI\Dataset_BUSI_with_GT\malignant\malignant (132).png,malignant
Datasets\Dataset_BUSI\Dataset_BUSI_with_GT\malignant\malignant (133).png,malignant
Datasets\Dataset_BUSI\Dataset_BUSI_with_GT\malignant\malignant (134).png,malignant
Datasets\Dataset_BUSI\Dataset_BUSI_with_GT\malignant\malignant (135).png,malignant
Datasets\Dataset_BUSI\Dataset_BUSI_with_GT\malignant\malignant (136).png,malignant
Datasets\Dataset_BUSI\Dataset_BUSI_with_GT\malignant\malignant (137).png,malignant
Datasets\Dataset_BUSI\Dataset_BUSI_with_GT\malignant\malignant (138).png,malignant
Datasets\Dataset_BUSI\Dataset_BUSI_with_GT\malignant\malignant (139).png,malignant
Datasets\Dataset_BUSI\Dataset_BUSI_with_GT\malignant\malignant (14).png,malignant
Datasets\Dataset_BUSI\Dataset_BUSI_with_GT\malignant\malignant (140).png,malignant
Datasets\Dataset_BUSI\Dataset_BUSI_with_GT\malignant\malignant (141).png,malignant
Datasets\Dataset_BUSI\Dataset_BUSI_with_GT\malignant\malignant (142).png,malignant
Datasets\Dataset_BUSI\Dataset_BUSI_with_GT\malignant\malignant (143).png,malignant
Datasets\Dataset_BUSI\Dataset_BUSI_with_GT\malignant\malignant (144).png,malignant
Datasets\Dataset_BUSI\Dataset_BUSI_with_GT\malignant\malignant (145).png,malignant
Datasets\Dataset_BUSI\Dataset_BUSI_with_GT\malignant\malignant (146).png,malignant
Datasets\Dataset_BUSI\Dataset_BUSI_with_GT\malignant\malignant (147).png,malignant
Datasets\Dataset_BUSI\Dataset_BUSI_with_GT\malignant\malignant (148).png,malignant
Datasets\Dataset_BUSI\Dataset_BUSI_with_GT\malignant\malignant (149).png,malignant
Datasets\Dataset_BUSI\Dataset_BUSI_with_GT\malignant\malignant (15).png,malignant
Datasets\Dataset_BUSI\Dataset_BUSI_with_GT\malignant\malignant (150).png,malignant
Datasets\Dataset_BUSI\Dataset_BUSI_with_GT\malignant\malignant (151).png,malignant
Datasets\Dataset_BUSI\Dataset_BUSI_with_GT\malignant\malignant (152).png,malignant
Datasets\Dataset_BUSI\Dataset_BUSI_with_GT\malignant\malignant (153).png,malignant
Datasets\Dataset_BUSI\Dataset_BUSI_with_GT\malignant\malignant (154).png,malignant
Datasets\Dataset_BUSI\Dataset_BUSI_with_GT\malignant\malignant (155).png,malignant
Datasets\Dataset_BUSI\Dataset_BUSI_with_GT\malignant\malignant (156).png,malignant
Datasets\Dataset_BUSI\Dataset_BUSI_with_GT\malignant\malignant (157).png,malignant
Datasets\Dataset_BUSI\Dataset_BUSI_with_GT\malignant\malignant (158).png,malignant
Datasets\Dataset_BUSI\Dataset_BUSI_with_GT\malignant\malignant (159).png,malignant
Datasets\Dataset_BUSI\Dataset_BUSI_with_GT\malignant\malignant (16).png,malignant
Datasets\Dataset_BUSI\Dataset_BUSI_with_GT\malignant\malignant (160).png,malignant
Datasets\Dataset_BUSI\Dataset_BUSI_with_GT\malignant\malignant (161).png,malignant
Datasets\Dataset_BUSI\Dataset_BUSI_with_GT\malignant\malignant (162).png,malignant
Datasets\Dataset_BUSI\Dataset_BUSI_with_GT\malignant\malignant (163).png,malignant
Datasets\Dataset_BUSI\Dataset_BUSI_with_GT\malignant\malignant (164).png,malignant
Datasets\Dataset_BUSI\Dataset_BUSI_with_GT\malignant\malignant (165).png,malignant
Datasets\Dataset_BUSI\Dataset_BUSI_with_GT\malignant\malignant (166).png,malignant
Datasets\Dataset_BUSI\Dataset_BUSI_with_GT\malignant\malignant (167).png,malignant
Datasets\Dataset_BUSI\Dataset_BUSI_with_GT\malignant\malignant (168).png,malignant
Datasets\Dataset_BUSI\Dataset_BUSI_with_GT\malignant\malignant (169).png,malignant
Datasets\Dataset_BUSI\Dataset_BUSI_with_GT\malignant\malignant (17).png,malignant
Datasets\Dataset_BUSI\Dataset_BUSI_with_GT\malignant\malignant (170).png,malignant
Datasets\Dataset_BUSI\Dataset_BUSI_with_GT\malignant\malignant (171).png,malignant
Datasets\Dataset_BUSI\Dataset_BUSI_with_GT\malignant\malignant (172).png,malignant
Datasets\Dataset_BUSI\Dataset_BUSI_with_GT\malignant\malignant (173).png,malignant
Datasets\Dataset_BUSI\Dataset_BUSI_with_GT\malignant\malignant (174).png,malignant
Datasets\Dataset_BUSI\Dataset_BUSI_with_GT\malignant\malignant (175).png,malignant
Datasets\Dataset_BUSI\Dataset_BUSI_with_GT\malignant\malignant (176).png,malignant
Datasets\Dataset_BUSI\Dataset_BUSI_with_GT\malignant\malignant (177).png,malignant
Datasets\Dataset_BUSI\Dataset_BUSI_with_GT\malignant\malignant (178).png,malignant
Datasets\Dataset_BUSI\Dataset_BUSI_with_GT\malignant\malignant (179).png,malignant
Datasets\Dataset_BUSI\Dataset_BUSI_with_GT\malignant\malignant (18).png,malignant
Datasets\Dataset_BUSI\Dataset_BUSI_with_GT\malignant\malignant (180).png,malignant
Datasets\Dataset_BUSI\Dataset_BUSI_with_GT\malignant\malignant (181).png,malignant
Datasets\Dataset_BUSI\Dataset_BUSI_with_GT\malignant\malignant (182).png,malignant
Datasets\Dataset_BUSI\Dataset_BUSI_with_GT\malignant\malignant (183).png,malignant
Datasets\Dataset_BUSI\Dataset_BUSI_with_GT\malignant\malignant (184).png,malignant
Datasets\Dataset_BUSI\Dataset_BUSI_with_GT\malignant\malignant (185).png,malignant
Datasets\Dataset_BUSI\Dataset_BUSI_with_GT\malignant\malignant (186).png,malignant
Datasets\Dataset_BUSI\Dataset_BUSI_with_GT\malignant\malignant (187).png,malignant
Datasets\Dataset_BUSI\Dataset_BUSI_with_GT\malignant\malignant (188).png,malignant
Datasets\Dataset_BUSI\Dataset_BUSI_with_GT\malignant\malignant (189).png,malignant
Datasets\Dataset_BUSI\Dataset_BUSI_with_GT\malignant\malignant (19).png,malignant
Datasets\Dataset_BUSI\Dataset_BUSI_with_GT\malignant\malignant (190).png,malignant
Datasets\Dataset_BUSI\Dataset_BUSI_with_GT\malignant\malignant (191).png,malignant
Datasets\Dataset_BUSI\Dataset_BUSI_with_GT\malignant\malignant (192).png,malignant
Datasets\Dataset_BUSI\Dataset_BUSI_with_GT\malignant\malignant (193).png,malignant
Datasets\Dataset_BUSI\Dataset_BUSI_with_GT\malignant\malignant (194).png,malignant
Datasets\Dataset_BUSI\Dataset_BUSI_with_GT\malignant\malignant (195).png,malignant
Datasets\Dataset_BUSI\Dataset_BUSI_with_GT\malignant\malignant (196).png,malignant
Datasets\Dataset_BUSI\Dataset_BUSI_with_GT\malignant\malignant (197).png,malignant
Datasets\Dataset_BUSI\Dataset_BUSI_with_GT\malignant\malignant (198).png,malignant
Datasets\Dataset_BUSI\Dataset_BUSI_with_GT\malignant\malignant (199).png,malignant
Datasets\Dataset_BUSI\Dataset_BUSI_with_GT\malignant\malignant (2).png,malignant
Datasets\Dataset_BUSI\Dataset_BUSI_with_GT\malignant\malignant (20).png,malignant
Datasets\Dataset_BUSI\Dataset_BUSI_with_GT\malignant\malignant (200).png,malignant
Datasets\Dataset_BUSI\Dataset_BUSI_with_GT\malignant\malignant (201).png,malignant
Datasets\Dataset_BUSI\Dataset_BUSI_with_GT\malignant\malignant (202).png,malignant
Datasets\Dataset_BUSI\Dataset_BUSI_with_GT\malignant\malignant (203).png,malignant
Datasets\Dataset_BUSI\Dataset_BUSI_with_GT\malignant\malignant (204).png,malignant
Datasets\Dataset_BUSI\Dataset_BUSI_with_GT\malignant\malignant (205).png,malignant
Datasets\Dataset_BUSI\Dataset_BUSI_with_GT\malignant\malignant (206).png,malignant
Datasets\Dataset_BUSI\Dataset_BUSI_with_GT\malignant\malignant (207).png,malignant
Datasets\Dataset_BUSI\Dataset_BUSI_with_GT\malignant\malignant (208).png,malignant
Datasets\Dataset_BUSI\Dataset_BUSI_with_GT\malignant\malignant (209).png,malignant
Datasets\Dataset_BUSI\Dataset_BUSI_with_GT\malignant\malignant (21).png,malignant
Datasets\Dataset_BUSI\Dataset_BUSI_with_GT\malignant\malignant (210).png,malignant
Datasets\Dataset_BUSI\Dataset_BUSI_with_GT\malignant\malignant (22).png,malignant
Datasets\Dataset_BUSI\Dataset_BUSI_with_GT\malignant\malignant (23).png,malignant
Datasets\Dataset_BUSI\Dataset_BUSI_with_GT\malignant\malignant (24).png,malignant
Datasets\Dataset_BUSI\Dataset_BUSI_with_GT\malignant\malignant (25).png,malignant
Datasets\Dataset_BUSI\Dataset_BUSI_with_GT\malignant\malignant (26).png,malignant
Datasets\Dataset_BUSI\Dataset_BUSI_with_GT\malignant\malignant (27).png,malignant
Datasets\Dataset_BUSI\Dataset_BUSI_with_GT\malignant\malignant (28).png,malignant
Datasets\Dataset_BUSI\Dataset_BUSI_with_GT\malignant\malignant (29).png,malignant
Datasets\Dataset_BUSI\Dataset_BUSI_with_GT\malignant\malignant (3).png,malignant
Datasets\Dataset_BUSI\Dataset_BUSI_with_GT\malignant\malignant (30).png,malignant
Datasets\Dataset_BUSI\Dataset_BUSI_with_GT\malignant\malignant (31).png,malignant
Datasets\Dataset_BUSI\Dataset_BUSI_with_GT\malignant\malignant (32).png,malignant
Datasets\Dataset_BUSI\Dataset_BUSI_with_GT\malignant\malignant (33).png,malignant
Datasets\Dataset_BUSI\Dataset_BUSI_with_GT\malignant\malignant (34).png,malignant
Datasets\Dataset_BUSI\Dataset_BUSI_with_GT\malignant\malignant (35).png,malignant
Datasets\Dataset_BUSI\Dataset_BUSI_with_GT\malignant\malignant (36).png,malignant
Datasets\Dataset_BUSI\Dataset_BUSI_with_GT\malignant\malignant (37).png,malignant
Datasets\Dataset_BUSI\Dataset_BUSI_with_GT\malignant\malignant (38).png,malignant
Datasets\Dataset_BUSI\Dataset_BUSI_with_GT\malignant\malignant (39).png,malignant
Datasets\Dataset_BUSI\Dataset_BUSI_with_GT\malignant\malignant (4).png,malignant
Datasets\Dataset_BUSI\Dataset_BUSI_with_GT\malignant\malignant (40).png,malignant
Datasets\Dataset_BUSI\Dataset_BUSI_with_GT\malignant\malignant (41).png,malignant
Datasets\Dataset_BUSI\Dataset_BUSI_with_GT\malignant\malignant (42).png,malignant
Datasets\Dataset_BUSI\Dataset_BUSI_with_GT\malignant\malignant (43).png,malignant
Datasets\Dataset_BUSI\Dataset_BUSI_with_GT\malignant\malignant (44).png,malignant
Datasets\Dataset_BUSI\Dataset_BUSI_with_GT\malignant\malignant (45).png,malignant
Datasets\Dataset_BUSI\Dataset_BUSI_with_GT\malignant\malignant (46).png,malignant
Datasets\Dataset_BUSI\Dataset_BUSI_with_GT\malignant\malignant (47).png,malignant
Datasets\Dataset_BUSI\Dataset_BUSI_with_GT\malignant\malignant (48).png,malignant
Datasets\Dataset_BUSI\Dataset_BUSI_with_GT\malignant\malignant (49).png,malignant
Datasets\Dataset_BUSI\Dataset_BUSI_with_GT\malignant\malignant (5).png,malignant
Datasets\Dataset_BUSI\Dataset_BUSI_with_GT\malignant\malignant (50).png,malignant
Datasets\Dataset_BUSI\Dataset_BUSI_with_GT\malignant\malignant (51).png,malignant
Datasets\Dataset_BUSI\Dataset_BUSI_with_GT\malignant\malignant (52).png,malignant
Datasets\Dataset_BUSI\Dataset_BUSI_with_GT\malignant\malignant (53).png,malignant
Datasets\Dataset_BUSI\Dataset_BUSI_with_GT\malignant\malignant (54).png,malignant
Datasets\Dataset_BUSI\Dataset_BUSI_with_GT\malignant\malignant (55).png,malignant
Datasets\Dataset_BUSI\Dataset_BUSI_with_GT\malignant\malignant (56).png,malignant
Datasets\Dataset_BUSI\Dataset_BUSI_with_GT\malignant\malignant (57).png,malignant
Datasets\Dataset_BUSI\Dataset_BUSI_with_GT\malignant\malignant (58).png,malignant
Datasets\Dataset_BUSI\Dataset_BUSI_with_GT\malignant\malignant (59).png,malignant
Datasets\Dataset_BUSI\Dataset_BUSI_with_GT\malignant\malignant (6).png,malignant
Datasets\Dataset_BUSI\Dataset_BUSI_with_GT\malignant\malignant (60).png,malignant
Datasets\Dataset_BUSI\Dataset_BUSI_with_GT\malignant\malignant (61).png,malignant
Datasets\Dataset_BUSI\Dataset_BUSI_with_GT\malignant\malignant (62).png,malignant
Datasets\Dataset_BUSI\Dataset_BUSI_with_GT\malignant\malignant (63).png,malignant
Datasets\Dataset_BUSI\Dataset_BUSI_with_GT\malignant\malignant (64).png,malignant
Datasets\Dataset_BUSI\Dataset_BUSI_with_GT\malignant\malignant (65).png,malignant
Datasets\Dataset_BUSI\Dataset_BUSI_with_GT\malignant\malignant (66).png,malignant
Datasets\Dataset_BUSI\Dataset_BUSI_with_GT\malignant\malignant (67).png,malignant
Datasets\Dataset_BUSI\Dataset_BUSI_with_GT\malignant\malignant (68).png,malignant
Datasets\Dataset_BUSI\Dataset_BUSI_with_GT\malignant\malignant (69).png,malignant
Datasets\Dataset_BUSI\Dataset_BUSI_with_GT\malignant\malignant (7).png,malignant
Datasets\Dataset_BUSI\Dataset_BUSI_with_GT\malignant\malignant (70).png,malignant
Datasets\Dataset_BUSI\Dataset_BUSI_with_GT\malignant\malignant (71).png,malignant
Datasets\Dataset_BUSI\Dataset_BUSI_with_GT\malignant\malignant (72).png,malignant
Datasets\Dataset_BUSI\Dataset_BUSI_with_GT\malignant\malignant (73).png,malignant
Datasets\Dataset_BUSI\Dataset_BUSI_with_GT\malignant\malignant (74).png,malignant
Datasets\Dataset_BUSI\Dataset_BUSI_with_GT\malignant\malignant (75).png,malignant
Datasets\Dataset_BUSI\Dataset_BUSI_with_GT\malignant\malignant (76).png,malignant
Datasets\Dataset_BUSI\Dataset_BUSI_with_GT\malignant\malignant (77).png,malignant
Datasets\Dataset_BUSI\Dataset_BUSI_with_GT\malignant\malignant (78).png,malignant
Datasets\Dataset_BUSI\Dataset_BUSI_with_GT\malignant\malignant (79).png,malignant
Datasets\Dataset_BUSI\Dataset_BUSI_with_GT\malignant\malignant (8).png,malignant
Datasets\Dataset_BUSI\Dataset_BUSI_with_GT\malignant\malignant (80).png,malignant
Datasets\Dataset_BUSI\Dataset_BUSI_with_GT\malignant\malignant (81).png,malignant
Datasets\Dataset_BUSI\Dataset_BUSI_with_GT\malignant\malignant (82).png,malignant
Datasets\Dataset_BUSI\Dataset_BUSI_with_GT\malignant\malignant (83).png,malignant
Datasets\Dataset_BUSI\Dataset_BUSI_with_GT\malignant\malignant (84).png,malignant
Datasets\Dataset_BUSI\Dataset_BUSI_with_GT\malignant\malignant (85).png,malignant
Datasets\Dataset_BUSI\Dataset_BUSI_with_GT\malignant\malignant (86).png,malignant
Datasets\Dataset_BUSI\Dataset_BUSI_with_GT\malignant\malignant (87).png,malignant
Datasets\Dataset_BUSI\Dataset_BUSI_with_GT\malignant\malignant (88).png,malignant
Datasets\Dataset_BUSI\Dataset_BUSI_with_GT\malignant\malignant (89).png,malignant
Datasets\Dataset_BUSI\Dataset_BUSI_with_GT\malignant\malignant (9).png,malignant
Datasets\Dataset_BUSI\Dataset_BUSI_with_GT\malignant\malignant (90).png,malignant
Datasets\Dataset_BUSI\Dataset_BUSI_with_GT\malignant\malignant (91).png,malignant
Datasets\Dataset_BUSI\Dataset_BUSI_with_GT\malignant\malignant (92).png,malignant
Datasets\Dataset_BUSI\Dataset_BUSI_with_GT\malignant\malignant (93).png,malignant
Datasets\Dataset_BUSI\Dataset_BUSI_with_GT\malignant\malignant (94).png,malignant
Datasets\Dataset_BUSI\Dataset_BUSI_with_GT\malignant\malignant (95).png,malignant
Datasets\Dataset_BUSI\Dataset_BUSI_with_GT\malignant\malignant (96).png,malignant
Datasets\Dataset_BUSI\Dataset_BUSI_with_GT\malignant\malignant (97).png,malignant
Datasets\Dataset_BUSI\Dataset_BUSI_with_GT\malignant\malignant (98).png,malignant
Datasets\Dataset_BUSI\Dataset_BUSI_with_GT\malignant\malignant (99).png,malignant
Datasets\Dataset_BUSI\Dataset_BUSI_with_GT\normal\normal (1).png,normal
Datasets\Dataset_BUSI\Dataset_BUSI_with_GT\normal\normal (10).png,normal
Datasets\Dataset_BUSI\Dataset_BUSI_with_GT\normal\normal (100).png,normal
Datasets\Dataset_BUSI\Dataset_BUSI_with_GT\normal\normal (101).png,normal
Datasets\Dataset_BUSI\Dataset_BUSI_with_GT\normal\normal (102).png,normal
Datasets\Dataset_BUSI\Dataset_BUSI_with_GT\normal\normal (103).png,normal
Datasets\Dataset_BUSI\Dataset_BUSI_with_GT\normal\normal (104).png,normal
Datasets\Dataset_BUSI\Dataset_BUSI_with_GT\normal\normal (105).png,normal
Datasets\Dataset_BUSI\Dataset_BUSI_with_GT\normal\normal (106).png,normal
Datasets\Dataset_BUSI\Dataset_BUSI_with_GT\normal\normal (107).png,normal
Datasets\Dataset_BUSI\Dataset_BUSI_with_GT\normal\normal (108).png,normal
Datasets\Dataset_BUSI\Dataset_BUSI_with_GT\normal\normal (109).png,normal
Datasets\Dataset_BUSI\Dataset_BUSI_with_GT\normal\normal (11).png,normal
Datasets\Dataset_BUSI\Dataset_BUSI_with_GT\normal\normal (110).png,normal
Datasets\Dataset_BUSI\Dataset_BUSI_with_GT\normal\normal (111).png,normal
Datasets\Dataset_BUSI\Dataset_BUSI_with_GT\normal\normal (112).png,normal
Datasets\Dataset_BUSI\Dataset_BUSI_with_GT\normal\normal (113).png,normal
Datasets\Dataset_BUSI\Dataset_BUSI_with_GT\normal\normal (114).png,normal
Datasets\Dataset_BUSI\Dataset_BUSI_with_GT\normal\normal (115).png,normal
Datasets\Dataset_BUSI\Dataset_BUSI_with_GT\normal\normal (116).png,normal
Datasets\Dataset_BUSI\Dataset_BUSI_with_GT\normal\normal (117).png,normal
Datasets\Dataset_BUSI\Dataset_BUSI_with_GT\normal\normal (118).png,normal
Datasets\Dataset_BUSI\Dataset_BUSI_with_GT\normal\normal (119).png,normal
Datasets\Dataset_BUSI\Dataset_BUSI_with_GT\normal\normal (12).png,normal
Datasets\Dataset_BUSI\Dataset_BUSI_with_GT\normal\normal (120).png,normal
Datasets\Dataset_BUSI\Dataset_BUSI_with_GT\normal\normal (121).png,normal
Datasets\Dataset_BUSI\Dataset_BUSI_with_GT\normal\normal (122).png,normal
Datasets\Dataset_BUSI\Dataset_BUSI_with_GT\normal\normal (123).png,normal
Datasets\Dataset_BUSI\Dataset_BUSI_with_GT\normal\normal (124).png,normal
Datasets\Dataset_BUSI\Dataset_BUSI_with_GT\normal\normal (125).png,normal
Datasets\Dataset_BUSI\Dataset_BUSI_with_GT\normal\normal (126).png,normal
Datasets\Dataset_BUSI\Dataset_BUSI_with_GT\normal\normal (127).png,normal
Datasets\Dataset_BUSI\Dataset_BUSI_with_GT\normal\normal (128).png,normal
Datasets\Dataset_BUSI\Dataset_BUSI_with_GT\normal\normal (129).png,normal
Datasets\Dataset_BUSI\Dataset_BUSI_with_GT\normal\normal (13).png,normal
Datasets\Dataset_BUSI\Dataset_BUSI_with_GT\normal\normal (130).png,normal
Datasets\Dataset_BUSI\Dataset_BUSI_with_GT\normal\normal (131).png,normal
Datasets\Dataset_BUSI\Dataset_BUSI_with_GT\normal\normal (132).png,normal
Datasets\Dataset_BUSI\Dataset_BUSI_with_GT\normal\normal (133).png,normal
Datasets\Dataset_BUSI\Dataset_BUSI_with_GT\normal\normal (14).png,normal
Datasets\Dataset_BUSI\Dataset_BUSI_with_GT\normal\normal (15).png,normal
Datasets\Dataset_BUSI\Dataset_BUSI_with_GT\normal\normal (16).png,normal
Datasets\Dataset_BUSI\Dataset_BUSI_with_GT\normal\normal (17).png,normal
Datasets\Dataset_BUSI\Dataset_BUSI_with_GT\normal\normal (18).png,normal
Datasets\Dataset_BUSI\Dataset_BUSI_with_GT\normal\normal (19).png,normal
Datasets\Dataset_BUSI\Dataset_BUSI_with_GT\normal\normal (2).png,normal
Datasets\Dataset_BUSI\Dataset_BUSI_with_GT\normal\normal (20).png,normal
Datasets\Dataset_BUSI\Dataset_BUSI_with_GT\normal\normal (21).png,normal
Datasets\Dataset_BUSI\Dataset_BUSI_with_GT\normal\normal (22).png,normal
Datasets\Dataset_BUSI\Dataset_BUSI_with_GT\normal\normal (23).png,normal
Datasets\Dataset_BUSI\Dataset_BUSI_with_GT\normal\normal (24).png,normal
Datasets\Dataset_BUSI\Dataset_BUSI_with_GT\normal\normal (25).png,normal
Datasets\Dataset_BUSI\Dataset_BUSI_with_GT\normal\normal (26).png,normal
Datasets\Dataset_BUSI\Dataset_BUSI_with_GT\normal\normal (27).png,normal
Datasets\Dataset_BUSI\Dataset_BUSI_with_GT\normal\normal (28).png,normal
Datasets\Dataset_BUSI\Dataset_BUSI_with_GT\normal\normal (29).png,normal
Datasets\Dataset_BUSI\Dataset_BUSI_with_GT\normal\normal (3).png,normal
Datasets\Dataset_BUSI\Dataset_BUSI_with_GT\normal\normal (30).png,normal
Datasets\Dataset_BUSI\Dataset_BUSI_with_GT\normal\normal (31).png,normal
Datasets\Dataset_BUSI\Dataset_BUSI_with_GT\normal\normal (32).png,normal
Datasets\Dataset_BUSI\Dataset_BUSI_with_GT\normal\normal (33).png,normal
Datasets\Dataset_BUSI\Dataset_BUSI_with_GT\normal\normal (34).png,normal
Datasets\Dataset_BUSI\Dataset_BUSI_with_GT\normal\normal (35).png,normal
Datasets\Dataset_BUSI\Dataset_BUSI_with_GT\normal\normal (36).png,normal
Datasets\Dataset_BUSI\Dataset_BUSI_with_GT\normal\normal (37).png,normal
Datasets\Dataset_BUSI\Dataset_BUSI_with_GT\normal\normal (38).png,normal
Datasets\Dataset_BUSI\Dataset_BUSI_with_GT\normal\normal (39).png,normal
Datasets\Dataset_BUSI\Dataset_BUSI_with_GT\normal\normal (4).png,normal
Datasets\Dataset_BUSI\Dataset_BUSI_with_GT\normal\normal (40).png,normal
Datasets\Dataset_BUSI\Dataset_BUSI_with_GT\normal\normal (41).png,normal
Datasets\Dataset_BUSI\Dataset_BUSI_with_GT\normal\normal (42).png,normal
Datasets\Dataset_BUSI\Dataset_BUSI_with_GT\normal\normal (43).png,normal
Datasets\Dataset_BUSI\Dataset_BUSI_with_GT\normal\normal (44).png,normal
Datasets\Dataset_BUSI\Dataset_BUSI_with_GT\normal\normal (45).png,normal
Datasets\Dataset_BUSI\Dataset_BUSI_with_GT\normal\normal (46).png,normal
Datasets\Dataset_BUSI\Dataset_BUSI_with_GT\normal\normal (47).png,normal
Datasets\Dataset_BUSI\Dataset_BUSI_with_GT\normal\normal (48).png,normal
Datasets\Dataset_BUSI\Dataset_BUSI_with_GT\normal\normal (49).png,normal
Datasets\Dataset_BUSI\Dataset_BUSI_with_GT\normal\normal (5).png,normal
Datasets\Dataset_BUSI\Dataset_BUSI_with_GT\normal\normal (50).png,normal
Datasets\Dataset_BUSI\Dataset_BUSI_with_GT\normal\normal (51).png,normal
Datasets\Dataset_BUSI\Dataset_BUSI_with_GT\normal\normal (52).png,normal
Datasets\Dataset_BUSI\Dataset_BUSI_with_GT\normal\normal (53).png,normal
Datasets\Dataset_BUSI\Dataset_BUSI_with_GT\normal\normal (54).png,normal
Datasets\Dataset_BUSI\Dataset_BUSI_with_GT\normal\normal (55).png,normal
Datasets\Dataset_BUSI\Dataset_BUSI_with_GT\normal\normal (56).png,normal
Datasets\Dataset_BUSI\Dataset_BUSI_with_GT\normal\normal (57).png,normal
Datasets\Dataset_BUSI\Dataset_BUSI_with_GT\normal\normal (58).png,normal
Datasets\Dataset_BUSI\Dataset_BUSI_with_GT\normal\normal (59).png,normal
Datasets\Dataset_BUSI\Dataset_BUSI_with_GT\normal\normal (6).png,normal
Datasets\Dataset_BUSI\Dataset_BUSI_with_GT\normal\normal (60).png,normal
Datasets\Dataset_BUSI\Dataset_BUSI_with_GT\normal\normal (61).png,normal
Datasets\Dataset_BUSI\Dataset_BUSI_with_GT\normal\normal (62).png,normal
Datasets\Dataset_BUSI\Dataset_BUSI_with_GT\normal\normal (63).png,normal
Datasets\Dataset_BUSI\Dataset_BUSI_with_GT\normal\normal (64).png,normal
Datasets\Dataset_BUSI\Dataset_BUSI_with_GT\normal\normal (65).png,normal
Datasets\Dataset_BUSI\Dataset_BUSI_with_GT\normal\normal (66).png,normal
Datasets\Dataset_BUSI\Dataset_BUSI_with_GT\normal\normal (67).png,normal
Datasets\Dataset_BUSI\Dataset_BUSI_with_GT\normal\normal (68).png,normal
Datasets\Dataset_BUSI\Dataset_BUSI_with_GT\normal\normal (69).png,normal
Datasets\Dataset_BUSI\Dataset_BUSI_with_GT\normal\normal (7).png,normal
Datasets\Dataset_BUSI\Dataset_BUSI_with_GT\normal\normal (70).png,normal
Datasets\Dataset_BUSI\Dataset_BUSI_with_GT\normal\normal (71).png,normal
Datasets\Dataset_BUSI\Dataset_BUSI_with_GT\normal\normal (72).png,normal
Datasets\Dataset_BUSI\Dataset_BUSI_with_GT\normal\normal (73).png,normal
Datasets\Dataset_BUSI\Dataset_BUSI_with_GT\normal\normal (74).png,normal
Datasets\Dataset_BUSI\Dataset_BUSI_with_GT\normal\normal (75).png,normal
Datasets\Dataset_BUSI\Dataset_BUSI_with_GT\normal\normal (76).png,normal
Datasets\Dataset_BUSI\Dataset_BUSI_with_GT\normal\normal (77).png,normal
Datasets\Dataset_BUSI\Dataset_BUSI_with_GT\normal\normal (78).png,normal
Datasets\Dataset_BUSI\Dataset_BUSI_with_GT\normal\normal (79).png,normal
Datasets\Dataset_BUSI\Dataset_BUSI_with_GT\normal\normal (8).png,normal
Datasets\Dataset_BUSI\Dataset_BUSI_with_GT\normal\normal (80).png,normal
Datasets\Dataset_BUSI\Dataset_BUSI_with_GT\normal\normal (81).png,normal
Datasets\Dataset_BUSI\Dataset_BUSI_with_GT\normal\normal (82).png,normal
Datasets\Dataset_BUSI\Dataset_BUSI_with_GT\normal\normal (83).png,normal
Datasets\Dataset_BUSI\Dataset_BUSI_with_GT\normal\normal (84).png,normal
Datasets\Dataset_BUSI\Dataset_BUSI_with_GT\normal\normal (85).png,normal
Datasets\Dataset_BUSI\Dataset_BUSI_with_GT\normal\normal (86).png,normal
Datasets\Dataset_BUSI\Dataset_BUSI_with_GT\normal\normal (87).png,normal
Datasets\Dataset_BUSI\Dataset_BUSI_with_GT\normal\normal (88).png,normal
Datasets\Dataset_BUSI\Dataset_BUSI_with_GT\normal\normal (89).png,normal
Datasets\Dataset_BUSI\Dataset_BUSI_with_GT\normal\normal (9).png,normal
Datasets\Dataset_BUSI\Dataset_BUSI_with_GT\normal\normal (90).png,normal
Datasets\Dataset_BUSI\Dataset_BUSI_with_GT\normal\normal (91).png,normal
Datasets\Dataset_BUSI\Dataset_BUSI_with_GT\normal\normal (92).png,normal
Datasets\Dataset_BUSI\Dataset_BUSI_with_GT\normal\normal (93).png,normal
Datasets\Dataset_BUSI\Dataset_BUSI_with_GT\normal\normal (94).png,normal
Datasets\Dataset_BUSI\Dataset_BUSI_with_GT\normal\normal (95).png,normal
Datasets\Dataset_BUSI\Dataset_BUSI_with_GT\normal\normal (96).png,normal
Datasets\Dataset_BUSI\Dataset_BUSI_with_GT\normal\normal (97).png,normal
Datasets\Dataset_BUSI\Dataset_BUSI_with_GT\normal\normal (98).png,normal
Datasets\Dataset_BUSI\Dataset_BUSI_with_GT\normal\normal (99).png,normal
